[
	{
		"position":[
			"64wk",
			"30wq",
			"77bk"
		],
		"solution":{
			"start":"64",
			"end":"65"
		},
		"suggestions":{
			"6455":[{
				"start":"77",
				"end":"67"
			}],
			"6475":[{
				"start":"77",
				"end":"67"
			}],
			"3037":[{
				"start":"77",
				"end":"66"
				},{
				"start":"77",
				"end":"76"
			}],
			"3070":[{
				"start":"77",
				"end":"67"
				},{
				"start":"77",
				"end":"66"
			}],
			"3033":[{
				"start":"77",
				"end":"67"
				},{
				"start":"77",
				"end":"76"
				}],
			"3000":[{
				"start":"77",
				"end":"67"
				},{
				"start":"77",
				"end":"76"
				}],
			"3074":[{
				"start":"77",
				"end":"67"
				},{
				"start":"77",
				"end":"66"
			}]
		}
	},
	{
		"position":[
			"10wk",
			"40wh",
			"60bb",
			"70wb",
			"21wp",
			"31wp",
			"41wp",
			"71wb",
			"13wp",
			"23bp",
			"33bk",
			"24bh",
			"55bp",
			"65bb",
			"46bh",
			"47wq"
		],
		"solution":{
			"start":"47",
			"end":"14"
		},
		"suggestions":{}
	},{
		"position":[
			"37wq",
			"47wk",
			"35wr",
			"45wh",
			"04wr",
			"34wb",
			"44bk",
			"53bp",
			"63bp",
			"22bq",
			"42br"
		],
		"solution":{
			"start":"45",
			"end":"64"
		},
		"suggestions":{
			"4533":[{
				"start":"63",
				"end":"64"
			}],
			"4524":[{
				"start":"63",
				"end":"64"
			}],
			"3452":[{
				"start":"22",
				"end":"04"
			}]
		}
	}
]
